{"1": [1772943004.0218678, 5], "2": [1772940916.2673259, 1], "3": [1772940925.9501557, 1], "4": [0, -1], "5": [0, -1], "6": [0, -1], "7": [0, -1], "8": [0, -1], "9": [0, -1], "10": [0, -1]}