{"1": [1772681433.4110625, 9], "2": [1772681155.487724, 1], "3": [1772681158.3580537, 2], "4": [1772681161.6885731, 3], "5": [1772681164.993958, 3], "6": [1772681171.3160124, 2], "7": [1772681174.0885646, 2], "8": [1772681177.2132735, 2], "9": [1772681179.8094707, 2], "10": [1772681267.6415832, 4]}