{"1": [1772682575.07305, 1], "2": [1772682575.2448368, 1], "3": [1772682575.3672793, 1], "4": [1772682575.4874566, 1], "5": [1772682575.6126697, 1], "6": [1772682575.7530534, 1], "7": [1772682575.881627, 1], "8": [1772682576.012521, 1], "9": [1772682576.138554, 1], "10": [1772682576.256745, 1]}