{"1": [1772674802.2155557, 1], "2": [0, -1], "3": [0, -1], "4": [0, -1], "5": [0, -1], "6": [0, -1], "7": [1772674822.7645624, 1], "8": [0, -1], "9": [0, -1], "10": [0, -1]}