{"1": [1772771979.1304374, 5], "2": [1772768030.962551, 2], "3": [1772768321.4981933, 2], "4": [1772768622.0460048, 2], "5": [1772768921.5093355, 2], "6": [1772769221.900843, 2], "7": [1772769522.1008496, 2], "8": [1772769821.2639053, 2], "9": [1772770121.8061361, 2], "10": [1772682576.256745, 1]}