{"1": [1772915654.8190227, 11], "2": [1772912791.9931006, 3], "3": [1772912806.9466314, 3], "4": [1772768622.0460048, 2], "5": [1772768921.5093355, 2], "6": [1772769221.900843, 2], "7": [1772769522.1008496, 2], "8": [1772769821.2639053, 2], "9": [1772770121.8061361, 2], "10": [1772912815.8829436, 2]}