{"1": [1772768026.4119937, 3], "2": [1772768030.962551, 2], "3": [1772768321.4981933, 2], "4": [1772768622.0460048, 2], "5": [1772682575.6126697, 1], "6": [1772682575.7530534, 1], "7": [1772682575.881627, 1], "8": [1772682576.012521, 1], "9": [1772682576.138554, 1], "10": [1772682576.256745, 1]}